theme,word,pos,zh,example,example_zh,cefr
"travel","depart","v.","出發；啟程","Our train is scheduled to depart from Platform 3 at 9:30 AM sharp.","我們的火車預定於早上 9 點半準時從三號月台出發。","B1"
"travel","visa","n.","簽證","If you plan to stay for three months, you will need to apply for a tourist visa.","如果您計畫停留三個月，您需要申請觀光簽證。","B1"
"travel","accommodation","n.","住宿；膳宿","We have arranged your accommodation near the conference center for the duration of the meeting.","我們已經安排好您在會議期間靠近會議中心的住宿。","B2"
"travel","arrival","n.","抵達；到達","Please check the monitor to confirm the estimated time of arrival for your connecting flight.","請查看螢幕以確認您轉機航班的預計抵達時間。","A2"
"travel","abroad","adv.","在國外；到國外","Many companies offer opportunities to work abroad for six months to gain valuable experience.","許多公司提供到國外工作六個月以獲取寶貴經驗的機會。","A2"
"travel","luggage","n.","行李","We need to check in our heavy luggage before going through security at the airport.","在通過機場安檢之前，我們需要托運我們沉重的行李。","B1"
"travel","book","v.","預訂","Did you remember to book the flights for our business conference next month?","你記得預訂我們下個月商務會議的機票了嗎？","A2"
"travel","destination","n.","目的地","Our final destination is Paris, but we have a short layover in Frankfurt.","我們的最終目的地是巴黎，但我們會在法蘭克福短暫停留。","B1"
"travel","confirm","v.","確認","Please confirm your reservation details by email before Friday morning.","請在週五早上之前透過電子郵件確認您的預訂詳情。","B1"
"travel","tourist","n.","觀光客","The area near the beach is very crowded with tourists during the summer season.","在夏季，海灘附近的地區擠滿了觀光客。","A2"
"travel","reservation","n.","預訂；訂位","I need to confirm my hotel reservation before leaving for the business trip next week.","下週出差前，我需要確認我的飯店預訂。","B1"
"travel","luggage","n.","行李","Please keep an eye on your luggage while waiting at the station.","在車站等候時，請留意您的行李。","A2"
"travel","itinerary","n.","旅遊行程；行程表","Our team reviewed the entire travel itinerary to make sure we didn't miss any important meetings.","我們的團隊審閱了整個旅遊行程，以確保我們沒有錯過任何重要的會議。","B2"
"travel","boarding pass","n.","登機證","You must show your boarding pass and ID at the gate before getting on the plane.","登機前，您必須在登機門出示您的登機證和證件。","B1"
"travel","destination","n.","目的地","What is your final destination after the connecting flight in Tokyo?","在東京轉機之後，您的最終目的地是哪裡？","B1"
"school","attendance","n.","出席；到場","Good attendance is required if you want to pass the advanced management course.","如果你想通過這個進階管理課程，則必須保持良好的出席率。","B1"
"school","assignment","n.","作業；任務","We have a challenging writing assignment due next Monday, so please start early.","我們有一份具挑戰性的寫作作業下週一截止，所以請提早開始。","A2"
"school","campus","n.","校園","The new science building will be located on the north side of the main campus.","新的科學大樓將會位於主校園的北側。","B1"
"school","enroll","v.","註冊；入學","You must enroll in your preferred electives before the deadline this Friday.","你必須在本週五截止日期前註冊你偏好的選修課。","B1"
"school","curriculum","n.","課程；課程總綱","The school updated its curriculum to include more practical digital skills training.","學校更新了其課程總綱，加入了更多實用的數位技能培訓。","B2"
"school","punctual","adj.","準時的","It is important to be punctual for every meeting, seminar, and presentation.","對於每一次會議、研討會和簡報來說，準時非常重要。","B1"
"school","grade","v.","評分","The professor spent the whole weekend grading the mid-term examinations for his large class.","這位教授花了一整個週末為他大班級學生的期中考試評分。","A2"
"school","lecture","n.","講座；授課","I found the guest speaker's lecture on global economic trends extremely interesting.","我覺得那位嘉賓講者關於全球經濟趨勢的講座極其有趣。","B1"
"school","scholarship","n.","獎學金","She applied for a scholarship to help cover the high tuition fees for graduate school.","她申請了獎學金，以幫助支付研究所高昂的學費。","B2"
"school","facility","n.","設施；設備","The university library facility offers 24-hour access to registered students during exam week.","大學圖書館設施在考試週期間向註冊學生提供 24 小時的服務。","B1"
"daily life","commute","v.","通勤","I usually commute by train, which takes about forty minutes every morning.","我通常搭火車通勤，每天早上大約需要四十分鐘。","B1"
"daily life","budget","n.","預算","We need to set a monthly budget to control our spending on groceries.","我們需要設定一個每月預算來控制我們的雜貨開支。","B1"
"daily life","receipt","n.","收據","Always keep your receipt in case you need to return the item later this week.","永遠保留你的收據，以防你本週稍後需要退貨。","A2"
"daily life","errand","n.","差事，跑腿","I have to run a few errands this afternoon, mainly grocery shopping and mailing a letter.","我今天下午必須跑幾個腿，主要是買菜和寄信。","B1"
"daily life","routine","n.","例行公事，慣例","Following a strict morning routine helps me start my day productively and on time.","遵守嚴格的早晨慣例有助於我高效率地準時開始一天。","A2"
"daily life","efficient","adj.","有效率的","The new manager is very efficient at organizing meetings and saving time.","新經理在組織會議和節省時間方面非常有效率。","B2"
"daily life","schedule","v.","安排，預定","I need to schedule a doctor's appointment before the end of next month.","我需要在下個月底前預定一個醫生的門診。","B1"
"daily life","affordable","adj.","負擔得起的","They are looking for a car that is both reliable and affordable for their family.","他們正在尋找一輛對他們家庭而言既可靠又負擔得起的汽車。","B1"
"daily life","deadline","n.","截止日期","Please make sure all job applications are submitted before the Friday deadline.","請確保所有工作申請都在週五截止日期前提交。","B1"
"daily life","appliance","n.","家用電器","Our washing machine, a major home appliance, broke down yesterday morning.","我們的主要家用電器——洗衣機，昨天早上壞了。","B2"
"travel","visa","n.","簽證","You need a valid entry visa before booking your flight to that country.","在預訂前往那個國家的航班前，你需要有效的入境簽證。","A2"
"travel","departure","n.","出發；離開","Please confirm your departure time and check the gate number on the monitor.","請確認您的出發時間，並查看螢幕上的登機門號碼。","B1"
"travel","luggage","n.","行李","We must ensure our checked luggage is under the weight limit specified by the airline.","我們必須確保我們的托運行李在航空公司規定的重量限制內。","A2"
"travel","reservation","n.","預訂","Do you have a reservation under the name Johnson for a double room tonight?","您今晚是否有以約翰遜（Johnson）的名字預訂雙人房？","B1"
"travel","destination","n.","目的地","Our final destination for the business trip is the main office in Tokyo.","我們這次商務旅行的最終目的地是位於東京的總辦公室。","B1"
"travel","check in","v.","報到；辦理入住手續","We need to check in at the hotel before 5 PM because the front desk closes early.","我們需要在下午五點前到飯店辦理入住手續，因為櫃台會提早關閉。","A2"
"travel","exchange rate","n.","匯率","Check the current exchange rate before you decide to convert a large amount of money.","在你決定兌換大量現金之前，請先查看目前的匯率。","B1"
"travel","delay","n.","延誤","Due to unexpected maintenance, there was a two-hour flight delay this morning.","由於突發的維護作業，今天早上的航班延誤了兩個小時。","B1"
"travel","amenities","n.","設施；便利設備","The resort offers excellent amenities, including a gym, spa, and free laundry service.","這間度假村提供極好的設施，包括健身房、水療中心和免費洗衣服務。","B2"
"travel","sightseeing","n.","觀光","We plan to spend the afternoon sightseeing around the historical monuments in the city center.","我們計劃花費下午的時間在市中心的歷史古蹟周圍觀光。","B1"
"daily life","laundry","n.","待洗衣物；洗衣","I need to separate the white clothes from the colored ones before starting the laundry.","開始洗衣服前，我需要將白色衣物和彩色衣物分開。","B1"
"daily life","appointment","n.","預約；約定","Please call the dental office to reschedule your morning appointment for next week.","請致電牙科診所，將您早上的預約改期到下週。","B1"
"daily life","exhausted","adj.","精疲力盡的","After working twelve hours straight, the delivery driver felt completely exhausted.","連續工作十二小時後，這位送貨司機感到徹底精疲力盡。","B2"
"daily life","notification","n.","通知；告知","I often turn off social media notifications so I can focus on my studies.","我經常關閉社交媒體通知，這樣我才能專注於我的學業。","B2"
"daily life","budget","n.","預算","We need to stick to our monthly budget if we want to save enough money for the trip.","如果我們想存夠錢去旅行，我們就需要堅持我們的每月預算。","A2"
"travel","luggage","n.","行李","Please make sure your carry-on luggage fits under the seat or in the overhead compartment.","請確認您的隨身行李能放在座位下方或頭頂置物櫃中。","A2"
"travel","reservation","n.","預訂；預約","I need to confirm my hotel reservation for three nights before the end of the day.","我需要在今天結束前確認我三晚的飯店預訂。","B1"
"travel","destination","n.","目的地","Our final destination is Paris, but we have a short layover in Frankfurt.","我們的最終目的地是巴黎，但我們會在法蘭克福短暫停留。","B1"
"travel","check in","v.","辦理登機手續；入住","We must check in online 24 hours before our flight to choose our seats.","我們必須在航班起飛前 24 小時在線辦理登機以選擇座位。","A2"
"travel","accommodations","n.","住宿","Finding suitable accommodations near the conference center was challenging this year.","今年要在會議中心附近找到合適的住宿很有挑戰性。","B2"
"school","schedule","n.","課表；計畫表","Please check the course schedule before deciding which classes to take next semester.","請在決定下學期修哪門課之前檢查一下課程表。","B1"
"school","subject","n.","科目","My favorite subject in middle school was science because I enjoy doing experiments.","我在國中時最喜歡的科目是自然科學，因為我喜歡做實驗。","A2"
"school","campus","n.","校園","The college campus is very large, so students often ride bicycles between buildings.","這座大學校園非常大，所以學生經常騎自行車往返於建築物之間。","B1"
"school","participate","v.","參與","Students should actively participate in group projects to improve teamwork skills.","學生應該積極參與小組專案，以提升團隊合作技能。","B2"
"school","assignment","n.","作業；任務","The history teacher gave us a challenging research assignment due next Friday morning.","歷史老師給了我們一項具挑戰性的研究作業，下週五早上截止。","B1"
"work","salary","n.","薪水","The company offers a competitive salary and excellent benefits to new hires.","這間公司提供有競爭力的薪水和優渥的福利給新進員工。","B1"
"work","meeting","n.","會議","We need to set up a quick meeting to discuss the project deadline tomorrow morning.","我們需要設定一個快速會議，來討論明天早上的專案截止日期。","A2"
"work","apply","v.","申請；應用","If you want the management position, you must apply before the end of the month.","如果你想要這個管理職位，你必須在本月底前申請。","B1"
"work","efficient","adj.","效率高的","Using the new software makes the whole team much more efficient at processing data.","使用新軟體使整個團隊處理數據的效率更高。","B2"
"work","schedule","n.","行程表；計畫表","Check your work schedule to make sure you know when your shift starts next week.","檢查你的工作行程表，確認你下週的輪班是何時開始。","A2"
"health","recover","v.","康復；恢復","I need a few days to fully recover from the flu before going back to work.","我需要幾天時間從流感中完全康復，然後才能回去工作。","A2"
"health","symptom","n.","症狀","If you have a fever or sore throat, those are common symptoms of the cold.","如果你有發燒或喉嚨痛，這些是感冒的常見症狀。","B1"
"health","nutrition","n.","營養","Good nutrition is essential for maintaining high energy levels throughout the day.","良好的營養對於維持一整天的高能量水平至關重要。","B2"
"health","stressful","adj.","壓力大的","Managing a busy project schedule can be very stressful for the whole team.","管理一個繁忙的專案時間表對整個團隊來說壓力會非常大。","B1"
"health","injury","n.","受傷；傷害","The doctor confirmed that the sports injury required weeks of physical therapy.","醫生證實這項運動傷害需要數週的物理治療。","B1"
"small talk","commute","n.","通勤；上下班路程","My morning commute was terrible today because of the heavy rain.","我的早晨通勤因為大雨而糟透了。","B1"
"small talk","catch up","v.","敘舊；交流近況","Let's grab coffee soon to catch up on what you have been doing recently.","我們找個時間喝咖啡，聊聊你最近在忙些什麼。","B1"
"small talk","manage","v.","處理；應對","How are you managing the transition to the new remote work schedule?","你如何應對轉變為新的遠距工作時間表？","B1"
"small talk","miserable","adj.","悲慘的；陰鬱的 (常形容天氣)","The weather has been absolutely miserable, making me want to stay inside all day.","天氣一直很陰鬱，讓我一整天都想待在室內。","B2"
"small talk","update","n.","最新消息；進展報告","Could you give me a quick update on the progress of the current marketing campaign?","你能快速地告訴我目前行銷活動的進度嗎？","B1"
"daily life","schedule","n.","行程表；計劃","I need to check my weekly schedule to see if I have time for a dental appointment.","我需要查看我的每週行程表，確認是否有時間去看牙醫。","B1"
"daily life","errand","n.","差事；跑腿","Could you please run a quick errand to the post office before lunch?","你能在午飯前幫我跑一趟郵局嗎？","B1"
"daily life","appliance","n.","電器；設備","Our washing machine, which is a key household appliance, broke down yesterday.","我們的洗衣機，這個重要的家用電器，昨天壞掉了。","B1"
"daily life","exhausted","adj.","筋疲力盡的","After working 10 hours straight, I felt completely exhausted and went straight to bed.","連續工作 10 小時後，我感到筋疲力盡，直接上床睡覺了。","A2"
"daily life","commute","v.","通勤","Since moving outside the city, I now commute almost two hours every day.","自從搬到市區外，我現在每天通勤將近兩個小時。","B2"
"travel","reservation","n.","預訂；預約","I called the hotel to confirm my reservation for the two-night business trip.","我打電話給飯店確認我兩晚商務旅行的預訂。","B1"
"travel","destination","n.","目的地","Our final destination for the summer vacation is a quiet, remote island.","我們暑假旅行的最終目的地是一個安靜偏遠的島嶼。","A2"
"travel","boarding pass","n.","登機證","You must show your boarding pass and photo ID when you get to the security checkpoint.","抵達安全檢查站時，您必須出示登機證和附照片的證件。","B1"
"travel","pack","v.","打包；裝箱","Remember to pack warm clothes because the weather at night will be cold.","記得打包保暖衣物，因為晚上的天氣會很冷。","A2"
"travel","sightseeing","n.","觀光；遊覽","We plan to spend the first day of our trip sightseeing and visiting historical spots.","我們計劃在旅行的第一天進行觀光並參觀歷史景點。","B1"
"school","subject","n.","科目；學科","My favorite subject in high school was history, but I struggled with math.","我高中最喜歡的科目是歷史，但我數學很吃力。","A2"
"school","prepare","v.","準備","Students need to prepare for the final presentation which is scheduled for next week.","學生需要為下週預定的期末報告做準備。","A2"
"school","assignment","n.","作業；任務","Please submit the writing assignment to the online portal before midnight on Friday.","請在週五午夜前，將寫作作業提交至線上平台。","B1"
"school","campus","n.","校園","The university campus is large, so they provide regular shuttle bus services.","這座大學校園很大，所以他們提供定期的接駁車服務。","B1"
"school","mandatory","adj.","必修的；強制性的","Attendance at the orientation workshop is mandatory for all new employees and interns.","所有新員工和實習生都必須強制參加迎新研討會。","B2"
"daily life","routine","n.","例行事務；常規","My morning routine includes jogging for 30 minutes before having breakfast.","我的晨間例行事務包括慢跑 30 分鐘，然後吃早餐。","B1"
"daily life","grocery","n.","雜貨；食品","I need to stop by the supermarket after work to pick up some groceries.","我下班後需要順道去超市買些雜貨。","A2"
"daily life","convenient","adj.","方便的","Having a laundromat near my apartment is very convenient for washing large items.","公寓附近有自助洗衣店，對洗大件物品來說非常方便。","B1"
"daily life","budget","n.","預算","We have to stick to a strict monthly budget to save money for our vacation.","我們必須嚴守每月的預算，才能為我們的假期存錢。","B2"
"daily life","appointment","n.","預約；會面","Please call the dentist's office to confirm your appointment for tomorrow morning.","請致電牙醫診所，確認你明天早上的預約。","B1"
"travel","luggage","n.","行李","Please make sure your checked luggage is labeled clearly before you drop it off.","在您托運行李之前，請確保您的托運行李貼有清晰的標籤。","A2"
"travel","reserve","v.","預訂；保留","We need to reserve a window seat for the long flight to Tokyo next month.","下個月飛往東京的長途航班，我們需要預訂一個靠窗的座位。","B1"
"travel","destination","n.","目的地","Bali is a popular tourist destination because of its beautiful beaches and temples.","峇里島是一個受歡迎的旅遊目的地，因為它有美麗的海灘和寺廟。","B1"
"travel","currency","n.","貨幣","You should check the exchange rate before converting your local currency into US dollars.","在將您的當地貨幣兌換成美元之前，您應該先查看匯率。","B2"
"travel","confirm","v.","確認","Did you confirm your flight schedule and hotel check-in time yesterday?","您昨天確認了您的航班時刻表和飯店入住時間了嗎？","B1"
"school","schedule","n.","課程表；日程","I checked my class schedule to see which room the math lecture was in this morning.","我查看了我的課表，確認今天早上數學課在哪個教室。","A2"
"school","enroll","v.","註冊；入學","You must enroll in the advanced coding course before the registration period ends next week.","您必須在下週註冊期限結束前報名參加這個進階編程課程。","B1"
"school","deadline","n.","截止日期","The professor reminded us that the deadline for submitting the final paper is midnight on Friday.","教授提醒我們，提交期末報告的截止日期是週五午夜。","B1"
"school","uniform","n.","制服","All students at the middle school are required to wear a dark blue uniform every day.","這所中學的所有學生都被要求每天穿著深藍色制服。","A2"
"school","participate","v.","參與；參加","The best way to improve your English speaking skills is to actively participate in class discussions.","提高英語口語能力的最佳方法是積極參與課堂討論。","B2"
"work","task","n.","任務；工作事項","I need to complete this specific task before leaving the office today.","我需要在今天離開辦公室前完成這個特定的任務。","A2"
"work","schedule","v.","安排；排定時間","Please schedule a meeting with the overseas client next Tuesday morning.","請安排一個下週二早上的會議與海外客戶見面。","B1"
"work","salary","n.","薪水；月薪","Many applicants consider the starting salary when applying for a new engineering job.","許多申請者在應徵新的工程職位時會考慮起薪。","B1"
"work","position","n.","職位","She applied for a management position in the marketing department last week.","她上週申請了行銷部門的一個管理職位。","B2"
"work","achieve","v.","達成；實現","We must work together as a team to achieve our quarterly sales goals.","我們必須以團隊形式合作，才能達成我們的季度銷售目標。","B1"
"daily life","groceries","n.","雜貨；食品","I need to pick up some groceries at the supermarket after work today.","我今天下班後需要去超市採購一些雜貨。","B1"
"daily life","apologize","v.","道歉","Please apologize to your neighbor for making so much noise late last night.","請向你的鄰居道歉，因為你昨晚太晚發出很多噪音。","A2"
"daily life","laundry","n.","待洗衣物；洗衣服","I usually do my laundry every Sunday morning to prepare for the coming week.","我通常在每個週日早上洗衣服，為接下來的一週做準備。","B1"
"daily life","exhausted","adj.","筋疲力盡的","After working twelve hours straight, the manager was completely exhausted.","連續工作十二小時後，經理完全筋疲力盡了。","B2"
"daily life","schedule","n.","行程表；時間表","Check the class schedule to see which lecture room we should go to next.","確認一下課程表，看看我們接下來應該去哪個演講廳。","A2"
"travel","passport","n.","護照","Don't forget to bring your passport when you travel abroad.","出國旅行時別忘了帶護照。","A2"
"travel","reservation","n.","預訂；預約","Please confirm the flight reservation details before we finalize the payment.","在我們確認付款前，請先確認航班預訂的細節。","B1"
"travel","destination","n.","目的地","Our final destination on this business trip is Milan, Italy.","這次出差我們最終的目的是義大利米蘭。","B1"
"travel","depart","v.","啟程；離開","The bus will depart from Gate 5 in ten minutes, so please hurry up.","巴士將在十分鐘後從五號門啟程，請加快腳步。","B1"
"travel","currency","n.","貨幣","You should exchange some local currency before leaving the airport tomorrow.","你應該在明天離開機場前兌換一些當地貨幣。","B2"
"school","schedule","n.","課表；行程表","I need to check my class schedule before registering for the afternoon course.","在註冊下午的課程之前，我需要查看我的課表。","B1"
"school","subject","n.","科目","My favorite subject this semester is history because the professor is very engaging.","我這學期最喜歡的科目是歷史，因為教授非常引人入勝。","A2"
"school","attend","v.","出席；參加","If you attend every lecture, you will likely understand the material better.","如果你出席每一場講座，你可能會更好地理解教材。","A2"
"school","principal","n.","校長","The school principal announced that the summer vacation will start two weeks earlier.","校長宣布暑假將提早兩週開始。","B1"
"school","uniform","n.","制服","All high school students must wear the standard school uniform every day.","所有高中生每天都必須穿著標準的學校制服。","B1"
"work","meeting","n.","會議","The team needs to schedule a meeting to discuss the new marketing strategy.","團隊需要安排一次會議來討論新的行銷策略。","A2"
"work","apply","v.","申請","I decided to apply for the position because I have the required skills.","我決定申請這個職位，因為我具備所需技能。","B1"
"work","deadline","n.","截止日期","We must finish the presentation before the project deadline next Friday.","我們必須在下週五的專案截止日期前完成簡報。","B1"
"work","colleague","n.","同事","I asked my colleague for help with the complex spreadsheet data.","我向我的同事尋求協助處理複雜的試算表資料。","B2"
"work","report","n.","報告","Please submit the weekly progress report to the manager by noon today.","請在今天中午前將每週進度報告提交給經理。","A2"
"health","recover","v.","恢復；康復","It might take him a few days to fully recover from the flu and return to the office.","他可能需要幾天才能從流感中完全恢復並回到辦公室。","B1"
"health","symptom","n.","症狀","If you experience any severe symptoms, please call the emergency hotline immediately.","如果您遇到任何嚴重症狀，請立即撥打緊急熱線。","B1"
"health","nutritious","adj.","營養豐富的","Eating a variety of nutritious foods is essential for maintaining a strong immune system.","食用各種營養豐富的食物對於維持強健的免疫系統至關重要。","B2"
"health","maintain","v.","維持；保持","The key to long-term wellness is to consistently maintain healthy habits.","長期健康安適的關鍵是持續保持健康的習慣。","A2"
"health","diagnosis","n.","診斷","We are waiting for the laboratory results before the doctor can confirm the final diagnosis.","我們正在等待實驗室結果，之後醫生才能確認最終的診斷。","B2"
"small talk","catch up","v.","敘舊；交流近況","Let's grab coffee next week to catch up on everything we missed.","下週我們找個時間喝咖啡，聊聊我們錯過的所有事情吧。","B1"
"small talk","chilly","adj.","寒冷的；涼颼颼的","It's quite chilly outside today, so you might need a heavy coat.","今天外面很冷，所以你可能需要一件厚外套。","B1"
"small talk","update","n.","最新消息；進展","Do you have an update on the budget proposal that we discussed yesterday?","關於我們昨天討論的預算提案，你有最新消息嗎？","A2"
"small talk","hobby","n.","嗜好；業餘愛好","Asking about someone's hobby is a good way to start a relaxed conversation.","詢問某人的嗜好是開始輕鬆對話的好方法。","A2"
"small talk","definitely","adv.","肯定地；當然","I definitely agree that the new project deadline should be extended until Friday.","我完全同意新專案的截止日期應該延到週五。","B1"
"daily life","organize","v.","組織；整理","I need to organize my desk before starting the new project next week.","下週開始新專案前，我需要整理一下我的書桌。","B1"
"daily life","appointment","n.","預約；約會","Do you have an appointment with the dentist this afternoon, or should we reschedule?","你今天下午有預約看牙醫嗎？還是我們應該改期？","B1"
"daily life","exhausted","adj.","筋疲力盡的","After working twelve hours straight, the delivery driver felt completely exhausted.","連續工作十二小時後，這位送貨司機感到筋疲力盡。","A2"
"daily life","prioritize","v.","優先處理","You must prioritize the most urgent tasks before moving on to the smaller details.","在處理小細節之前，你必須優先處理最緊急的任務。","B2"
"daily life","groceries","n.","食品雜貨","We usually buy groceries every Sunday afternoon to prepare for the coming week.","我們通常在每個週日下午採買食品雜貨，為接下來的一週做準備。","B1"
"travel","luggage","n.","行李","Please make sure your carry-on luggage fits under the seat or in the overhead compartment.","請確保您的隨身行李能放在座位下方或頭頂置物櫃中。","A2"
"travel","book","v.","預訂","We need to book the train tickets at least two weeks before our scheduled holiday.","我們需要在預定假期前至少兩週預訂火車票。","A2"
"travel","departure","n.","出發","The gate agent announced that the flight departure time would be delayed due to weather.","登機門服務員宣布，由於天氣原因，航班出發時間將會延遲。","B1"
"travel","accommodation","n.","住宿","Finding suitable accommodation is the most important step when planning an international business trip.","尋找合適的住宿是規劃國際商務旅行時最重要的一步。","B1"
"travel","itinerary","n.","行程表","I checked the itinerary again to confirm our scheduled meetings and sightseeing activities.","我再次查看了行程表，以確認我們預定的會議和觀光活動。","B2"
"school","schedule","n.","課程表；時間表","I need to check the class schedule to see which room the lesson is in.","我需要查看課程表，看看課程在哪個教室。","A2"
"school","grade","n.","成績；分數","Sarah worked hard and received a high grade on her final science exam.","莎拉很努力，她的期末科學考試得了高分。","B1"
"school","participate","v.","參與；參加","Students are encouraged to participate actively in group discussions during class time.","鼓勵學生在課堂上積極參與小組討論。","B1"
"school","uniform","n.","制服；校服","Wearing a school uniform helps all the students feel like they are part of a team.","穿校服有助於所有學生感覺自己是團隊的一份子。","A2"
"school","project","n.","專案；作業","We spent the whole weekend finishing the history project that is due tomorrow.","我們花了一整個週末完成明天到期的歷史專案。","B1"
"work","task","n.","任務；工作","Please complete this important task before the end of the day.","請在今天結束前完成這項重要的任務。","A2"
"work","deadline","n.","截止日期","We must finish the project report by the Friday deadline.","我們必須在週五的截止日期前完成專案報告。","B1"
"work","perform","v.","執行；表現","She performs her duties very well and always meets expectations.","她把職責執行得非常好，總是達到預期。","B1"
"work","schedule","n.","行程表；計畫表","Check the meeting schedule to confirm the time and location.","請檢查會議行程表以確認時間和地點。","A2"
"work","colleague","n.","同事","I asked my colleague for help with the new software installation.","我請我的同事幫忙安裝新的軟體。","B2"
"health","symptom","n.","症狀","If you have serious symptoms like a high fever, you should see a doctor immediately.","如果你有像高燒這樣的嚴重症狀，應該立刻去看醫生。","B1"
"health","diet","n.","飲食","Eating a balanced diet with lots of vegetables is important for long-term health.","攝取大量蔬菜的均衡飲食對長期健康很重要。","A2"
"health","relax","v.","放鬆","After a stressful week at work, I need to relax by reading a book or listening to music.","經過一週緊張的工作後，我需要透過閱讀或聽音樂來放鬆。","A2"
"health","prescription","n.","處方籤","The nurse reminded me that I must get a new prescription before the medicine runs out.","護士提醒我，在藥吃完之前必須拿到新的處方籤。","B1"
"health","recover","v.","康復；恢復","He took two weeks off work to fully recover from the minor surgery.","他請了兩週的假，以從這個小手術中完全康復。","B1"
"small talk","weekend","n.","週末","What did you do over the weekend? I hope you had some time to relax.","你週末做了什麼？我希望你有時間放鬆。","A2"
"small talk","exciting","adj.","令人興奮的","You look very happy. Did you hear some exciting news about the sales project?","你看起來很高興。你有聽到關於銷售專案的令人興奮的消息嗎？","B1"
"small talk","catch up","v.","敘舊；聊近況","We haven't talked in months. Let's catch up over lunch sometime next week.","我們已經好幾個月沒講話了。下週找時間一起吃午餐聊聊近況吧。","B1"
"small talk","humidity","n.","濕度","The high humidity is making it feel much warmer today, even though the temperature is mild.","高濕度讓今天感覺暖和得多，儘管氣溫並不高。","B2"
"small talk","pleasure","n.","榮幸；樂事","It was a true pleasure to finally meet you in person and discuss the details of the contract.","很榮幸終於能與你本人見面並討論合約的細節。","B1"
"daily life","afford","v.","負擔得起","I can't afford to buy that new smart phone right now, maybe I will wait until the sale.","我現在負擔不起買那支新智慧型手機，也許我會等到特價。","B1"
"daily life","reasonable","adj.","合理的","The price of the groceries at the new supermarket seems quite reasonable compared to others.","新超市的雜貨價格與其他地方相比，看起來相當合理。","A2"
"daily life","apologize","v.","道歉","You should apologize immediately for missing the team meeting without giving any notice.","你應該馬上為你沒有事先告知就缺席團隊會議而道歉。","B1"
"daily life","commitment","n.","承諾；義務","Balancing work and family commitments is often challenging for working parents today.","對現今的職業父母來說，平衡工作與家庭義務通常很具挑戰性。","B2"
"daily life","notification","n.","通知；提醒","I turned off all the phone notifications so I could concentrate fully on my studies this evening.","我關閉了所有手機通知，以便今晚能完全專注於我的學習。","A2"
"travel","suitcase","n.","行李箱","I need a larger suitcase because I always pack too many clothes for my week-long business trips.","我需要一個更大的行李箱，因為我一週的商務旅行總是打包太多衣服。","A2"
"travel","reservation","n.","預訂；訂位","Please double-check the hotel reservation details to ensure everything is correct for our stay.","請仔細核對旅館的預訂細節，以確保我們入住的一切都正確無誤。","B1"
"travel","explore","v.","探索；探險","We plan to rent a scooter so we can explore the remote beaches and villages near the coast.","我們計畫租一輛摩托車，這樣我們就可以探索海岸附近偏遠的海灘和村莊。","A2"
"travel","currency","n.","貨幣；通用K","Before leaving, I stopped at the bank to exchange some local currency for my upcoming international journey.","在離開之前，我先去了銀行兌換一些當地貨幣，為我即將到來的國際旅程做準備。","B1"
"travel","transit","n.","過境；轉乘","The itinerary shows a long transit period, meaning we will have plenty of time to find the connecting gate.","行程表顯示有一段很長的過境時間，這意味著我們將有足夠的時間找到轉機閘口。","B2"
"school","schedule","n.","課表；時間表","Check your class schedule carefully so you don't miss the first lesson.","請仔細核對你的課表，以免錯過第一堂課。","A2"
"school","assignment","n.","作業；任務","The professor gave us a challenging research assignment due next Friday.","教授給了我們一個有挑戰性的研究作業，下週五截止。","B1"
"school","enroll","v.","註冊；入學","You need to complete all the forms before you can formally enroll in the college.","在正式進入該學院就讀前，你需要填完所有表格。","B1"
"school","subject","n.","科目","My favorite subject in high school was history, but I always struggled with math.","我高中最喜歡的科目是歷史，但我數學一直很吃力。","A2"
"school","principal","n.","校長","The principal announced new guidelines to improve student safety during the upcoming school year.","校長宣布了新指南，以改善新學年期間的學生安全。","B2"
"work","task","n.","任務；工作","Finishing this specific task is the most important goal for the team today.","完成這項特定任務是團隊今天最重要的目標。","B1"
"work","apply","v.","申請；應用","I need to apply for that promotion before the deadline at the end of the month.","我需要在月底的截止日期前申請那個升職機會。","A2"
"work","salary","n.","薪水；薪資","The new employee was very happy with the competitive starting salary offered by the company.","這位新員工對公司提供的有競爭力的起薪非常滿意。","B1"
"work","deadline","n.","截止日期","We must meet the strict project deadline, so we have to work efficiently this week.","我們必須趕上嚴格的專案截止日期，所以這週必須有效地工作。","B2"
"work","manager","n.","經理；管理人","Please send your final sales report directly to your department manager by noon.","請在中午前將您的最終銷售報告直接發給您的部門經理。","A2"
"health","exercise","n.","運動；鍛鍊","Regular exercise is important for maintaining a good weight and strong heart.","規律運動對於維持良好體重和強健心臟很重要。","A2"
"health","nutrition","n.","營養","If you want to improve your energy, focus on good nutrition and adequate sleep.","如果你想提升精力，請專注於良好的營養和充足的睡眠。","B1"
"health","stress","n.","壓力","High levels of work stress can seriously affect your physical and mental health.","高度的工作壓力會嚴重影響你的身體和心理健康。","B1"
"health","recover","v.","康復；復原","He needed three weeks to recover fully after the serious operation.","經過那次大手術後，他需要三週才能完全康復。","A2"
"health","symptoms","n.","症狀","Please describe your symptoms carefully so the doctor can provide the correct diagnosis.","請仔細描述你的症狀，以便醫生提供正確的診斷。","B2"
"small talk","lovely","adj.","美好的；愉快的","It’s a lovely day today. I hope we can go for a walk after work.","今天天氣真好。我希望下班後我們可以去散步。","A2"
"small talk","catch up","v.","敘舊；交流近況","We should definitely catch up next week and discuss your new project.","我們下週一定要聚一聚，討論你的新專案。","B1"
"small talk","update","n.","最新消息；更新","Do you have any update on the sales figures from the last quarter?","關於上個季度的銷售數據，你有任何最新消息嗎？","B1"
"small talk","actually","adv.","實際上；事實上","I actually prefer to work from home on Fridays if that’s okay with the team.","實際上，如果團隊同意的話，我比較喜歡週五在家工作。","B2"
"small talk","hobby","n.","嗜好；興趣","What kind of hobby do you enjoy outside of your daily work routine?","在你的日常工作之外，你喜歡什麼樣的嗜好？","A2"
"daily life","commute","v.","通勤","I usually commute to work by subway because the traffic is terrible in the morning.","我通常搭地鐵通勤去上班，因為早上的交通很糟。","B1"
"daily life","receipt","n.","收據","Please keep your receipt if you want to exchange the item later this week.","如果你這週稍後想換貨，請保留收據。","A2"
"daily life","affordable","adj.","負擔得起的","We are looking for an affordable apartment that is close to the city center.","我們正在尋找一間靠近市中心且價格負擔得起的公寓。","B1"
"daily life","chore","n.","雜務，家事","Doing laundry is my least favorite household chore, but it has to be done weekly.","洗衣服是我最不喜歡的家事，但它每週都必須完成。","B2"
"daily life","recharge","v.","（替...）充電；恢復精力","I need a quiet weekend alone to completely recharge and prepare for the next busy week.","我需要一個安靜的獨自週末來徹底恢復精力，為下一個忙碌的一週做準備。","B1"
"travel","reservation","n.","預訂；預約","I called the hotel to confirm my reservation for next weekend's business trip.","我打電話給飯店確認我下週末商務旅行的訂房。","B1"
"travel","luggage","n.","行李","Please make sure your checked luggage does not exceed the weight limit for the flight.","請確認您的托運行李沒有超過該航班的重量限制。","A2"
"travel","board","v.","登機；上船","Passengers flying to London should prepare to board the plane at Gate 12 soon.","飛往倫敦的乘客應準備好在 12 號登機門登機。","B1"
"travel","visa","n.","簽證","Before traveling, you must check if you need a tourist visa for your destination country.","旅行前，你必須確認前往你的目的地國家是否需要觀光簽證。","B1"
"travel","departure","n.","出發；啟程","The gate agent announced that the departure time has been delayed due to bad weather conditions.","登機門服務人員宣布出發時間因惡劣天氣狀況已被延遲。","B2"
"school","assignment","n.","作業；任務","You must submit the history assignment before Friday morning.","你必須在星期五早上之前提交歷史作業。","B1"
"school","principal","n.","校長","The principal announced that the school fair would be postponed.","校長宣布學校園遊會將會延期。","B2"
"school","subject","n.","科目；主題","My favorite subject in school is literature because I love reading novels.","我在學校最喜歡的科目是文學，因為我喜歡閱讀小說。","A2"
"school","register","v.","註冊；登記","New students need to register for classes during the first week of August.","新生需要在八月的第一週註冊選課。","B1"
"school","lecture","n.","講座；授課","The professor’s lecture on economics lasted for nearly two hours.","教授關於經濟學的講座持續了將近兩個小時。","B2"
"work","meeting","n.","會議","We have a team meeting every Monday morning to discuss the project status.","我們每週一早上都有一次團隊會議，討論專案進度。","A2"
"work","achieve","v.","達成；實現","She worked hard to achieve all her sales goals this quarter.","她努力工作，以實現本季度的所有銷售目標。","B1"
"work","report","n.","報告","Please submit your monthly sales report to the manager by Friday.","請在週五前將您的月度銷售報告提交給經理。","B1"
"work","responsible","adj.","負責任的；職責範圍內的","I am responsible for managing all the client accounts in the eastern region.","我負責管理東部地區所有客戶帳戶。","B2"
"work","deadline","n.","截止日期","We must finish writing the proposal before the strict deadline next week.","我們必須在下週嚴格的截止日期前完成提案的撰寫。","B2"
"health","symptom","n.","症狀","If you have a persistent cough, it could be a symptom of a cold or flu.","如果你持續咳嗽，那可能是感冒或流感的症狀。","B1"
"health","recover","v.","康復；恢復","It is important to rest well so your body can recover quickly after the illness.","充分休息很重要，這樣你的身體才能在生病後快速康復。","B1"
"health","nutrition","n.","營養","We should pay attention to good nutrition when planning our weekly meals.","我們在計劃每週餐點時，應該注重良好的營養。","A2"
"health","stressful","adj.","有壓力的","Try to find ways to relax if you find your work environment stressful lately.","如果你覺得最近的工作環境壓力很大，試著找方法放鬆。","B2"
"health","prescription","n.","處方（藥）","The doctor gave me a prescription for the antibiotics I need to take.","醫生給了我需要服用的抗生素處方。","B1"
"small talk","catch up","v.","敘舊；交流近況","I need to catch up with my colleague after the long holiday break.","長假結束後，我需要和我的同事們交流一下近況。","B1"
"small talk","downtime","n.","休息時間；停工期","We all appreciate some downtime after completing a difficult project deadline.","在完成一個艱難的專案期限之後，我們都很珍惜一些休息時間。","B2"
"small talk","mild","adj.","溫和的；輕微的","The weather forecast says we will have a relatively mild winter this year.","天氣預報說，今年冬天將會相對溫和。","B1"
"small talk","engage","v.","參與；從事","It is important to engage with others during networking events to make connections.","在人脈建立活動中與他人互動交流是很重要的。","B2"
"small talk","commute","n.","通勤（路程或時間）","My daily commute takes about forty-five minutes, which is long but manageable.","我每天通勤大約四十五分鐘，雖然很長但還可以應付。","A2"
"daily life","chore","n.","家事；雜務","Doing the laundry is my least favorite household chore.","洗衣服是我最不喜歡做的家事。","B1"
"daily life","utility","n.","公用事業費用（水電煤）","We need to pay the monthly utility bill before the due date.","我們必須在截止日期前繳納每月的水電煤等公用事業費用。","B1"
"daily life","prioritize","v.","優先處理","I need to prioritize my errands this morning to save time.","我今天早上需要優先處理我的雜事以節省時間。","B2"
"daily life","receipt","n.","收據","Please keep your receipt in case you need to return the item.","請保留您的收據，以防萬一需要退貨。","A2"
"daily life","exhausted","adj.","筋疲力盡的","After working ten hours straight, I felt completely exhausted.","連續工作十小時後，我感覺筋疲力盡。","B1"
"daily life","convenient","adj.","方便的；便利的","The new grocery store is very convenient because it is close to my office.","這家新的雜貨店非常方便，因為它離我的辦公室很近。","A2"
"daily life","chore","n.","家務；雜事","Doing laundry is usually my least favorite household chore on the weekend.","洗衣服通常是我週末最不喜歡做的家務事。","B1"
"daily life","budget","n.","預算","We need to set a strict monthly budget to save money for our vacation next year.","我們需要設定嚴格的每月預算，以便為明年的假期存錢。","B1"
"daily life","negotiate","v.","協商；談判","You might need to negotiate the price before buying a used car.","在購買二手車之前，你可能需要協商價格。","B2"
"daily life","appliance","n.","家用電器","If the refrigerator appliance breaks down, we will have to buy a replacement immediately.","如果冰箱電器壞了，我們將必須立即購買替換品。","B2"
"travel","reserve","v.","預訂；保留","We should reserve our flight tickets and the rental car early to get a better price.","我們應該提早預訂機票和租車，以獲得更好的價格。","B1"
"travel","suitcase","n.","行李箱","Please make sure your suitcase is under 20 kilograms before checking in at the airport counter.","在機場櫃檯報到前，請確保您的行李箱重量低於 20 公斤。","A2"
"travel","sightseeing","n.","觀光；遊覽","We spent the whole afternoon sightseeing, visiting all the famous historical landmarks of the city.","我們花了一整個下午觀光，參觀了這座城市所有著名的歷史地標。","B1"
"travel","departure","n.","離開；出發","The departure time for our train to the capital city is scheduled for 8:30 AM from Platform 4.","我們前往首都的火車出發時間定於早上 8 點 30 分，從 4 號月台發車。","B1"
"travel","itinerary","n.","行程；旅遊計畫","Our detailed itinerary includes important meetings on Monday and sightseeing activities starting Tuesday morning.","我們詳細的行程計畫包括週一的重點會議和從週二早上開始的觀光活動。","B2"
"school","schedule","n.","課程表；時間表","Check your class schedule carefully so you don't miss the morning lecture.","仔細查看你的課程表，以免錯過早上的講座。","B1"
"school","assignment","n.","作業；任務","The history professor gave us a challenging reading assignment for the weekend.","歷史學教授給了我們一份有挑戰性的週末閱讀作業。","B1"
"school","campus","n.","校園","Our university campus is very beautiful, with large green spaces and modern buildings.","我們大學的校園非常漂亮，有大片的綠地和現代化的建築。","B1"
"school","enroll","v.","註冊；入學","If you want to take the advanced course, you must enroll before the deadline next Friday.","如果你想參加進階課程，必須在下週五截止日期前註冊。","B2"
"school","uniform","n.","制服","All students must wear their school uniform correctly when they attend classes.","所有學生在上課時都必須正確穿著學校制服。","A2"
"work","task","n.","任務；工作","I need to finish this small task before I leave the office today.","我今天離開辦公室前需要完成這個小任務。","A2"
"work","manage","v.","管理；經營","Learning how to manage your time effectively is key to success at work.","學習如何有效地管理時間是在工作中成功的關鍵。","B1"
"work","office","n.","辦公室","We usually have team meetings in the main conference room of the new office.","我們通常在新辦公室的主要會議室開團隊會議。","A2"
"work","professional","adj.","專業的；職業的","Always maintain a professional attitude when communicating with clients.","與客戶溝通時，務必保持專業的態度。","B1"
"work","deadline","n.","截止日期","We must submit the final project report by the strict deadline next Friday.","我們必須在下週五的嚴格截止日期前提交最終專案報告。","B2"
"health","symptom","n.","症狀","The most common symptom of the flu is a high fever and body aches.","流感最常見的症狀是高燒和全身痠痛。","B1"
"health","exercise","v.","運動","Doctors recommend that you exercise regularly to manage your stress better.","醫生建議您定期運動以更好地管理壓力。","A2"
"health","nutrition","n.","營養","Learning about basic nutrition helps you make healthier food choices every day.","學習基礎營養學能幫助您每天做出更健康的食物選擇。","B2"
"health","recover","v.","康復","She needed two weeks off work to fully recover from the minor surgery.","她需要兩週的假期才能從這個小手術中完全康復。","B1"
"health","immune","adj.","免疫的","Getting enough sleep is crucial if you want to keep your immune system healthy.","如果您想保持免疫系統健康，充足的睡眠至關重要。","B2"
"small talk","weekend","n.","週末","Did you enjoy your weekend? I heard you were planning a short trip to the coast.","你的週末過得愉快嗎？我聽說你計畫要去海邊做個短途旅行。","A2"
"small talk","commute","n.","通勤（路程或時間）","How long is your daily commute to the office, especially when there is heavy traffic?","你每天通勤到辦公室要花多久時間，特別是遇到交通壅塞的時候？","A2"
"small talk","terrific","adj.","極好的；了不起的","We had a terrific time at the corporate event last night; the food was excellent.","我們昨晚在公司活動上玩得很開心；食物非常棒。","B1"
"small talk","schedule","n.","行程表；時間表","I need to check my schedule before I can confirm the time for our meeting tomorrow afternoon.","我需要確認一下我的行程表，才能確認我們明天下午的會議時間。","B1"
"small talk","catch up","v.","敘舊；聊近況","It's been months since we last talked; we should grab lunch soon and catch up.","我們上次談話已經是好幾個月前了；我們應該找時間一起吃午餐敘舊。","B2"
"daily life","receipt","n.","收據","Make sure you keep the receipt in case you need to return the item.","務必保留收據，以防你需要退還該商品。","B1"
"daily life","prioritize","v.","優先處理","I need to prioritize finishing this major task before starting anything new.","在開始任何新事物之前，我需要優先完成這項主要任務。","B2"
"daily life","exhausted","adj.","精疲力盡的","After working twelve hours straight, she was too exhausted to cook dinner.","連續工作十二小時後，她累得筋疲力盡，沒辦法煮晚餐。","B1"
"daily life","errand","n.","差事，跑腿","I have to run a few errands this afternoon, like going to the bank and the grocery store.","我今天下午必須跑幾個腿，像是去銀行和雜貨店。","B1"
"daily life","confirm","v.","確認","Please confirm your appointment time by replying to the reminder email.","請回覆提醒電子郵件，以確認您的預約時間。","B1"
"travel","book","v.","預訂","We need to book our flight and hotel accommodations before the end of the month.","我們需要在月底前預訂我們的機票和酒店住宿。","A2"
"travel","check in","v.","辦理登機（或入住）手續","Guests must check in at the front desk before receiving their room key.","客人在拿到房卡前必須在前台辦理入住手續。","B1"
"travel","luggage","n.","行李","Please make sure your luggage is tagged correctly before you proceed to the gate.","請確保您的行李已正確貼上標籤，然後再前往登機門。","B1"
"travel","destination","n.","目的地","Our final destination is Paris, but we have a short layover in Amsterdam.","我們的最終目的地是巴黎，但我們在阿姆斯特丹有一個短暫的中途停留。","A2"
"travel","memorable","adj.","難忘的","The guided tour made our visit to the ancient ruins truly memorable for everyone.","這次導覽行程讓我們的古蹟參觀對每個人來說都非常難忘。","B2"
"school","schedule","n.","課程表；日程表","I need to check my class schedule before registering for the elective course.","在註冊選修課之前，我需要查看我的課程表。","B1"
"school","enroll","v.","註冊；入學","You must enroll in the university by the end of August to secure your spot.","你必須在八月底前註冊大學，以確保你的名額。","B2"
"school","campus","n.","校園","The new library is located on the north side of the main campus.","新圖書館位於主校園的北側。","B1"
"school","assignment","n.","作業；任務","Please submit your final history assignment before the deadline next Friday.","請在下週五截止日期之前提交你們的期末歷史作業。","B1"
"school","participate","v.","參與；參加","Students are encouraged to actively participate in class discussions to improve speaking skills.","鼓勵學生積極參與課堂討論，以提高口語技能。","B2"
"work","salary","n.","薪水；工資","We will discuss the starting salary during the second interview next week.","我們將在下週的第二次面試中討論起始薪資。","B1"
"work","meeting","n.","會議","Please send the agenda before the team meeting starts this afternoon.","請在今天下午的團隊會議開始前寄出議程。","A2"
"work","apply","v.","申請；應用","I decided to apply for the new marketing position at the company.","我決定申請公司裡那個新的行銷職位。","B1"
"work","deadline","n.","截止日期","The deadline for submitting the final project report is Friday.","提交最終專案報告的截止日期是週五。","B1"
"work","office","n.","辦公室","Remember to leave your key at the front office before you go home today.","記得在今天回家前把鑰匙留在前台辦公室。","A2"
"health","symptom","n.","症狀","If you have serious flu symptoms, you should stay home and rest.","如果你有嚴重的流感症狀，你應該待在家休息。","B1"
"health","recover","v.","康復；恢復","It took him two weeks to fully recover from the surgery.","他花了兩週才從手術中完全康復。","A2"
"health","nutrition","n.","營養","Good nutrition is necessary for children's growth and development.","良好的營養對於兒童的成長和發展是必需的。","B1"
"health","physical","adj.","身體的；體力的","Regular physical exercise helps maintain a healthy weight.","定期的體能運動有助於保持健康的體重。","A2"
"health","prevent","v.","預防；阻止","Washing your hands frequently helps prevent the spread of germs.","勤洗手有助於預防病菌傳播。","B2"
"small talk","busy","adj.","忙碌的","I've been really busy preparing for the quarterly report this week.","我這週一直忙著準備季度報告。","A2"
"small talk","catch up","v.","敘舊；交流近況","We should catch up soon and discuss the progress of the new project.","我們應該找時間敘敘舊，並討論新專案的進度。","B1"
"small talk","hometown","n.","家鄉","We often talk about our hometowns during lunch breaks to find common interests.","我們經常在午休時聊起家鄉，以尋找共同的興趣。","A2"
"small talk","manage","v.","應付；處理","How do you manage to get so much work done before the deadline?","你是如何設法在截止日期前完成這麼多工作的？","B1"
"small talk","enjoy","v.","享受；喜歡","Did you enjoy the conference yesterday? I thought the main speaker was excellent.","你喜歡昨天的會議嗎？我覺得主講人很棒。","A2"
